date,day,month,year,week,quarter,month_name,year_month
2021-01-01,1,1,2021,53,1,January,2021-01
2021-01-02,2,1,2021,53,1,January,2021-01
2021-01-03,3,1,2021,53,1,January,2021-01
2021-01-04,4,1,2021,1,1,January,2021-01
2021-01-05,5,1,2021,1,1,January,2021-01
2021-01-06,6,1,2021,1,1,January,2021-01
2021-01-07,7,1,2021,1,1,January,2021-01
2021-01-08,8,1,2021,1,1,January,2021-01
2021-01-09,9,1,2021,1,1,January,2021-01
2021-01-10,10,1,2021,1,1,January,2021-01
2021-01-11,11,1,2021,2,1,January,2021-01
2021-01-12,12,1,2021,2,1,January,2021-01
2021-01-13,13,1,2021,2,1,January,2021-01
2021-01-14,14,1,2021,2,1,January,2021-01
2021-01-15,15,1,2021,2,1,January,2021-01
2021-01-16,16,1,2021,2,1,January,2021-01
2021-01-17,17,1,2021,2,1,January,2021-01
2021-01-18,18,1,2021,3,1,January,2021-01
2021-01-19,19,1,2021,3,1,January,2021-01
2021-01-20,20,1,2021,3,1,January,2021-01
2021-01-21,21,1,2021,3,1,January,2021-01
2021-01-22,22,1,2021,3,1,January,2021-01
2021-01-23,23,1,2021,3,1,January,2021-01
2021-01-24,24,1,2021,3,1,January,2021-01
2021-01-25,25,1,2021,4,1,January,2021-01
2021-01-26,26,1,2021,4,1,January,2021-01
2021-01-27,27,1,2021,4,1,January,2021-01
2021-01-28,28,1,2021,4,1,January,2021-01
2021-01-29,29,1,2021,4,1,January,2021-01
2021-01-30,30,1,2021,4,1,January,2021-01
2021-01-31,31,1,2021,4,1,January,2021-01
2021-02-01,1,2,2021,5,1,February,2021-02
2021-02-02,2,2,2021,5,1,February,2021-02
2021-02-03,3,2,2021,5,1,February,2021-02
2021-02-04,4,2,2021,5,1,February,2021-02
2021-02-05,5,2,2021,5,1,February,2021-02
2021-02-06,6,2,2021,5,1,February,2021-02
2021-02-07,7,2,2021,5,1,February,2021-02
2021-02-08,8,2,2021,6,1,February,2021-02
2021-02-09,9,2,2021,6,1,February,2021-02
2021-02-10,10,2,2021,6,1,February,2021-02
2021-02-11,11,2,2021,6,1,February,2021-02
2021-02-12,12,2,2021,6,1,February,2021-02
2021-02-13,13,2,2021,6,1,February,2021-02
2021-02-14,14,2,2021,6,1,February,2021-02
2021-02-15,15,2,2021,7,1,February,2021-02
2021-02-16,16,2,2021,7,1,February,2021-02
2021-02-17,17,2,2021,7,1,February,2021-02
2021-02-18,18,2,2021,7,1,February,2021-02
2021-02-19,19,2,2021,7,1,February,2021-02
2021-02-20,20,2,2021,7,1,February,2021-02
2021-02-21,21,2,2021,7,1,February,2021-02
2021-02-22,22,2,2021,8,1,February,2021-02
2021-02-23,23,2,2021,8,1,February,2021-02
2021-02-24,24,2,2021,8,1,February,2021-02
2021-02-25,25,2,2021,8,1,February,2021-02
2021-02-26,26,2,2021,8,1,February,2021-02
2021-02-27,27,2,2021,8,1,February,2021-02
2021-02-28,28,2,2021,8,1,February,2021-02
2021-03-01,1,3,2021,9,1,March,2021-03
2021-03-02,2,3,2021,9,1,March,2021-03
2021-03-03,3,3,2021,9,1,March,2021-03
2021-03-04,4,3,2021,9,1,March,2021-03
2021-03-05,5,3,2021,9,1,March,2021-03
2021-03-06,6,3,2021,9,1,March,2021-03
2021-03-07,7,3,2021,9,1,March,2021-03
2021-03-08,8,3,2021,10,1,March,2021-03
2021-03-09,9,3,2021,10,1,March,2021-03
2021-03-10,10,3,2021,10,1,March,2021-03
2021-03-11,11,3,2021,10,1,March,2021-03
2021-03-12,12,3,2021,10,1,March,2021-03
2021-03-13,13,3,2021,10,1,March,2021-03
2021-03-14,14,3,2021,10,1,March,2021-03
2021-03-15,15,3,2021,11,1,March,2021-03
2021-03-16,16,3,2021,11,1,March,2021-03
2021-03-17,17,3,2021,11,1,March,2021-03
2021-03-18,18,3,2021,11,1,March,2021-03
2021-03-19,19,3,2021,11,1,March,2021-03
2021-03-20,20,3,2021,11,1,March,2021-03
2021-03-21,21,3,2021,11,1,March,2021-03
2021-03-22,22,3,2021,12,1,March,2021-03
2021-03-23,23,3,2021,12,1,March,2021-03
2021-03-24,24,3,2021,12,1,March,2021-03
2021-03-25,25,3,2021,12,1,March,2021-03
2021-03-26,26,3,2021,12,1,March,2021-03
2021-03-27,27,3,2021,12,1,March,2021-03
2021-03-28,28,3,2021,12,1,March,2021-03
2021-03-29,29,3,2021,13,1,March,2021-03
2021-03-30,30,3,2021,13,1,March,2021-03
2021-03-31,31,3,2021,13,1,March,2021-03
2021-04-01,1,4,2021,13,2,April,2021-04
2021-04-02,2,4,2021,13,2,April,2021-04
2021-04-03,3,4,2021,13,2,April,2021-04
2021-04-04,4,4,2021,13,2,April,2021-04
2021-04-05,5,4,2021,14,2,April,2021-04
2021-04-06,6,4,2021,14,2,April,2021-04
2021-04-07,7,4,2021,14,2,April,2021-04
2021-04-08,8,4,2021,14,2,April,2021-04
2021-04-09,9,4,2021,14,2,April,2021-04
2021-04-10,10,4,2021,14,2,April,2021-04
2021-04-11,11,4,2021,14,2,April,2021-04
2021-04-12,12,4,2021,15,2,April,2021-04
2021-04-13,13,4,2021,15,2,April,2021-04
2021-04-14,14,4,2021,15,2,April,2021-04
2021-04-15,15,4,2021,15,2,April,2021-04
2021-04-16,16,4,2021,15,2,April,2021-04
2021-04-17,17,4,2021,15,2,April,2021-04
2021-04-18,18,4,2021,15,2,April,2021-04
2021-04-19,19,4,2021,16,2,April,2021-04
2021-04-20,20,4,2021,16,2,April,2021-04
2021-04-21,21,4,2021,16,2,April,2021-04
2021-04-22,22,4,2021,16,2,April,2021-04
2021-04-23,23,4,2021,16,2,April,2021-04
2021-04-24,24,4,2021,16,2,April,2021-04
2021-04-25,25,4,2021,16,2,April,2021-04
2021-04-26,26,4,2021,17,2,April,2021-04
2021-04-27,27,4,2021,17,2,April,2021-04
2021-04-28,28,4,2021,17,2,April,2021-04
2021-04-29,29,4,2021,17,2,April,2021-04
2021-04-30,30,4,2021,17,2,April,2021-04
2021-05-01,1,5,2021,17,2,May,2021-05
2021-05-02,2,5,2021,17,2,May,2021-05
2021-05-03,3,5,2021,18,2,May,2021-05
2021-05-04,4,5,2021,18,2,May,2021-05
2021-05-05,5,5,2021,18,2,May,2021-05
2021-05-06,6,5,2021,18,2,May,2021-05
2021-05-07,7,5,2021,18,2,May,2021-05
2021-05-08,8,5,2021,18,2,May,2021-05
2021-05-09,9,5,2021,18,2,May,2021-05
2021-05-10,10,5,2021,19,2,May,2021-05
2021-05-11,11,5,2021,19,2,May,2021-05
2021-05-12,12,5,2021,19,2,May,2021-05
2021-05-13,13,5,2021,19,2,May,2021-05
2021-05-14,14,5,2021,19,2,May,2021-05
2021-05-15,15,5,2021,19,2,May,2021-05
2021-05-16,16,5,2021,19,2,May,2021-05
2021-05-17,17,5,2021,20,2,May,2021-05
2021-05-18,18,5,2021,20,2,May,2021-05
2021-05-19,19,5,2021,20,2,May,2021-05
2021-05-20,20,5,2021,20,2,May,2021-05
2021-05-21,21,5,2021,20,2,May,2021-05
2021-05-22,22,5,2021,20,2,May,2021-05
2021-05-23,23,5,2021,20,2,May,2021-05
2021-05-24,24,5,2021,21,2,May,2021-05
2021-05-25,25,5,2021,21,2,May,2021-05
2021-05-26,26,5,2021,21,2,May,2021-05
2021-05-27,27,5,2021,21,2,May,2021-05
2021-05-28,28,5,2021,21,2,May,2021-05
2021-05-29,29,5,2021,21,2,May,2021-05
2021-05-30,30,5,2021,21,2,May,2021-05
2021-05-31,31,5,2021,22,2,May,2021-05
2021-06-01,1,6,2021,22,2,June,2021-06
2021-06-02,2,6,2021,22,2,June,2021-06
2021-06-03,3,6,2021,22,2,June,2021-06
2021-06-04,4,6,2021,22,2,June,2021-06
2021-06-05,5,6,2021,22,2,June,2021-06
2021-06-06,6,6,2021,22,2,June,2021-06
2021-06-07,7,6,2021,23,2,June,2021-06
2021-06-08,8,6,2021,23,2,June,2021-06
2021-06-09,9,6,2021,23,2,June,2021-06
2021-06-10,10,6,2021,23,2,June,2021-06
2021-06-11,11,6,2021,23,2,June,2021-06
2021-06-12,12,6,2021,23,2,June,2021-06
2021-06-13,13,6,2021,23,2,June,2021-06
2021-06-14,14,6,2021,24,2,June,2021-06
2021-06-15,15,6,2021,24,2,June,2021-06
2021-06-16,16,6,2021,24,2,June,2021-06
2021-06-17,17,6,2021,24,2,June,2021-06
2021-06-18,18,6,2021,24,2,June,2021-06
2021-06-19,19,6,2021,24,2,June,2021-06
2021-06-20,20,6,2021,24,2,June,2021-06
2021-06-21,21,6,2021,25,2,June,2021-06
2021-06-22,22,6,2021,25,2,June,2021-06
2021-06-23,23,6,2021,25,2,June,2021-06
2021-06-24,24,6,2021,25,2,June,2021-06
2021-06-25,25,6,2021,25,2,June,2021-06
2021-06-26,26,6,2021,25,2,June,2021-06
2021-06-27,27,6,2021,25,2,June,2021-06
2021-06-28,28,6,2021,26,2,June,2021-06
2021-06-29,29,6,2021,26,2,June,2021-06
2021-06-30,30,6,2021,26,2,June,2021-06
2021-07-01,1,7,2021,26,3,July,2021-07
2021-07-02,2,7,2021,26,3,July,2021-07
2021-07-03,3,7,2021,26,3,July,2021-07
2021-07-04,4,7,2021,26,3,July,2021-07
2021-07-05,5,7,2021,27,3,July,2021-07
2021-07-06,6,7,2021,27,3,July,2021-07
2021-07-07,7,7,2021,27,3,July,2021-07
2021-07-08,8,7,2021,27,3,July,2021-07
2021-07-09,9,7,2021,27,3,July,2021-07
2021-07-10,10,7,2021,27,3,July,2021-07
2021-07-11,11,7,2021,27,3,July,2021-07
2021-07-12,12,7,2021,28,3,July,2021-07
2021-07-13,13,7,2021,28,3,July,2021-07
2021-07-14,14,7,2021,28,3,July,2021-07
2021-07-15,15,7,2021,28,3,July,2021-07
2021-07-16,16,7,2021,28,3,July,2021-07
2021-07-17,17,7,2021,28,3,July,2021-07
2021-07-18,18,7,2021,28,3,July,2021-07
2021-07-19,19,7,2021,29,3,July,2021-07
2021-07-20,20,7,2021,29,3,July,2021-07
2021-07-21,21,7,2021,29,3,July,2021-07
2021-07-22,22,7,2021,29,3,July,2021-07
2021-07-23,23,7,2021,29,3,July,2021-07
2021-07-24,24,7,2021,29,3,July,2021-07
2021-07-25,25,7,2021,29,3,July,2021-07
2021-07-26,26,7,2021,30,3,July,2021-07
2021-07-27,27,7,2021,30,3,July,2021-07
2021-07-28,28,7,2021,30,3,July,2021-07
2021-07-29,29,7,2021,30,3,July,2021-07
2021-07-30,30,7,2021,30,3,July,2021-07
2021-07-31,31,7,2021,30,3,July,2021-07
2021-08-01,1,8,2021,30,3,August,2021-08
2021-08-02,2,8,2021,31,3,August,2021-08
2021-08-03,3,8,2021,31,3,August,2021-08
2021-08-04,4,8,2021,31,3,August,2021-08
2021-08-05,5,8,2021,31,3,August,2021-08
2021-08-06,6,8,2021,31,3,August,2021-08
2021-08-07,7,8,2021,31,3,August,2021-08
2021-08-08,8,8,2021,31,3,August,2021-08
2021-08-09,9,8,2021,32,3,August,2021-08
2021-08-10,10,8,2021,32,3,August,2021-08
2021-08-11,11,8,2021,32,3,August,2021-08
2021-08-12,12,8,2021,32,3,August,2021-08
2021-08-13,13,8,2021,32,3,August,2021-08
2021-08-14,14,8,2021,32,3,August,2021-08
2021-08-15,15,8,2021,32,3,August,2021-08
2021-08-16,16,8,2021,33,3,August,2021-08
2021-08-17,17,8,2021,33,3,August,2021-08
2021-08-18,18,8,2021,33,3,August,2021-08
2021-08-19,19,8,2021,33,3,August,2021-08
2021-08-20,20,8,2021,33,3,August,2021-08
2021-08-21,21,8,2021,33,3,August,2021-08
2021-08-22,22,8,2021,33,3,August,2021-08
2021-08-23,23,8,2021,34,3,August,2021-08
2021-08-24,24,8,2021,34,3,August,2021-08
2021-08-25,25,8,2021,34,3,August,2021-08
2021-08-26,26,8,2021,34,3,August,2021-08
2021-08-27,27,8,2021,34,3,August,2021-08
2021-08-28,28,8,2021,34,3,August,2021-08
2021-08-29,29,8,2021,34,3,August,2021-08
2021-08-30,30,8,2021,35,3,August,2021-08
2021-08-31,31,8,2021,35,3,August,2021-08
2021-09-01,1,9,2021,35,3,September,2021-09
2021-09-02,2,9,2021,35,3,September,2021-09
2021-09-03,3,9,2021,35,3,September,2021-09
2021-09-04,4,9,2021,35,3,September,2021-09
2021-09-05,5,9,2021,35,3,September,2021-09
2021-09-06,6,9,2021,36,3,September,2021-09
2021-09-07,7,9,2021,36,3,September,2021-09
2021-09-08,8,9,2021,36,3,September,2021-09
2021-09-09,9,9,2021,36,3,September,2021-09
2021-09-10,10,9,2021,36,3,September,2021-09
2021-09-11,11,9,2021,36,3,September,2021-09
2021-09-12,12,9,2021,36,3,September,2021-09
2021-09-13,13,9,2021,37,3,September,2021-09
2021-09-14,14,9,2021,37,3,September,2021-09
2021-09-15,15,9,2021,37,3,September,2021-09
2021-09-16,16,9,2021,37,3,September,2021-09
2021-09-17,17,9,2021,37,3,September,2021-09
2021-09-18,18,9,2021,37,3,September,2021-09
2021-09-19,19,9,2021,37,3,September,2021-09
2021-09-20,20,9,2021,38,3,September,2021-09
2021-09-21,21,9,2021,38,3,September,2021-09
2021-09-22,22,9,2021,38,3,September,2021-09
2021-09-23,23,9,2021,38,3,September,2021-09
2021-09-24,24,9,2021,38,3,September,2021-09
2021-09-25,25,9,2021,38,3,September,2021-09
2021-09-26,26,9,2021,38,3,September,2021-09
2021-09-27,27,9,2021,39,3,September,2021-09
2021-09-28,28,9,2021,39,3,September,2021-09
2021-09-29,29,9,2021,39,3,September,2021-09
2021-09-30,30,9,2021,39,3,September,2021-09
2021-10-01,1,10,2021,39,4,October,2021-10
2021-10-02,2,10,2021,39,4,October,2021-10
2021-10-03,3,10,2021,39,4,October,2021-10
2021-10-04,4,10,2021,40,4,October,2021-10
2021-10-05,5,10,2021,40,4,October,2021-10
2021-10-06,6,10,2021,40,4,October,2021-10
2021-10-07,7,10,2021,40,4,October,2021-10
2021-10-08,8,10,2021,40,4,October,2021-10
2021-10-09,9,10,2021,40,4,October,2021-10
2021-10-10,10,10,2021,40,4,October,2021-10
2021-10-11,11,10,2021,41,4,October,2021-10
2021-10-12,12,10,2021,41,4,October,2021-10
2021-10-13,13,10,2021,41,4,October,2021-10
2021-10-14,14,10,2021,41,4,October,2021-10
2021-10-15,15,10,2021,41,4,October,2021-10
2021-10-16,16,10,2021,41,4,October,2021-10
2021-10-17,17,10,2021,41,4,October,2021-10
2021-10-18,18,10,2021,42,4,October,2021-10
2021-10-19,19,10,2021,42,4,October,2021-10
2021-10-20,20,10,2021,42,4,October,2021-10
2021-10-21,21,10,2021,42,4,October,2021-10
2021-10-22,22,10,2021,42,4,October,2021-10
2021-10-23,23,10,2021,42,4,October,2021-10
2021-10-24,24,10,2021,42,4,October,2021-10
2021-10-25,25,10,2021,43,4,October,2021-10
2021-10-26,26,10,2021,43,4,October,2021-10
2021-10-27,27,10,2021,43,4,October,2021-10
2021-10-28,28,10,2021,43,4,October,2021-10
2021-10-29,29,10,2021,43,4,October,2021-10
2021-10-30,30,10,2021,43,4,October,2021-10
2021-10-31,31,10,2021,43,4,October,2021-10
2021-11-01,1,11,2021,44,4,November,2021-11
2021-11-02,2,11,2021,44,4,November,2021-11
2021-11-03,3,11,2021,44,4,November,2021-11
2021-11-04,4,11,2021,44,4,November,2021-11
2021-11-05,5,11,2021,44,4,November,2021-11
2021-11-06,6,11,2021,44,4,November,2021-11
2021-11-07,7,11,2021,44,4,November,2021-11
2021-11-08,8,11,2021,45,4,November,2021-11
2021-11-09,9,11,2021,45,4,November,2021-11
2021-11-10,10,11,2021,45,4,November,2021-11
2021-11-11,11,11,2021,45,4,November,2021-11
2021-11-12,12,11,2021,45,4,November,2021-11
2021-11-13,13,11,2021,45,4,November,2021-11
2021-11-14,14,11,2021,45,4,November,2021-11
2021-11-15,15,11,2021,46,4,November,2021-11
2021-11-16,16,11,2021,46,4,November,2021-11
2021-11-17,17,11,2021,46,4,November,2021-11
2021-11-18,18,11,2021,46,4,November,2021-11
2021-11-19,19,11,2021,46,4,November,2021-11
2021-11-20,20,11,2021,46,4,November,2021-11
2021-11-21,21,11,2021,46,4,November,2021-11
2021-11-22,22,11,2021,47,4,November,2021-11
2021-11-23,23,11,2021,47,4,November,2021-11
2021-11-24,24,11,2021,47,4,November,2021-11
2021-11-25,25,11,2021,47,4,November,2021-11
2021-11-26,26,11,2021,47,4,November,2021-11
2021-11-27,27,11,2021,47,4,November,2021-11
2021-11-28,28,11,2021,47,4,November,2021-11
2021-11-29,29,11,2021,48,4,November,2021-11
2021-11-30,30,11,2021,48,4,November,2021-11
2021-12-01,1,12,2021,48,4,December,2021-12
2021-12-02,2,12,2021,48,4,December,2021-12
2021-12-03,3,12,2021,48,4,December,2021-12
2021-12-04,4,12,2021,48,4,December,2021-12
2021-12-05,5,12,2021,48,4,December,2021-12
2021-12-06,6,12,2021,49,4,December,2021-12
2021-12-07,7,12,2021,49,4,December,2021-12
2021-12-08,8,12,2021,49,4,December,2021-12
2021-12-09,9,12,2021,49,4,December,2021-12
2021-12-10,10,12,2021,49,4,December,2021-12
2021-12-11,11,12,2021,49,4,December,2021-12
2021-12-12,12,12,2021,49,4,December,2021-12
2021-12-13,13,12,2021,50,4,December,2021-12
2021-12-14,14,12,2021,50,4,December,2021-12
2021-12-15,15,12,2021,50,4,December,2021-12
2021-12-16,16,12,2021,50,4,December,2021-12
2021-12-17,17,12,2021,50,4,December,2021-12
2021-12-18,18,12,2021,50,4,December,2021-12
2021-12-19,19,12,2021,50,4,December,2021-12
2021-12-20,20,12,2021,51,4,December,2021-12
2021-12-21,21,12,2021,51,4,December,2021-12
2021-12-22,22,12,2021,51,4,December,2021-12
2021-12-23,23,12,2021,51,4,December,2021-12
2021-12-24,24,12,2021,51,4,December,2021-12
2021-12-25,25,12,2021,51,4,December,2021-12
2021-12-26,26,12,2021,51,4,December,2021-12
2021-12-27,27,12,2021,52,4,December,2021-12
2021-12-28,28,12,2021,52,4,December,2021-12
2021-12-29,29,12,2021,52,4,December,2021-12
2021-12-30,30,12,2021,52,4,December,2021-12
2021-12-31,31,12,2021,52,4,December,2021-12
2022-01-01,1,1,2022,52,1,January,2022-01
2022-01-02,2,1,2022,52,1,January,2022-01
2022-01-03,3,1,2022,1,1,January,2022-01
2022-01-04,4,1,2022,1,1,January,2022-01
2022-01-05,5,1,2022,1,1,January,2022-01
2022-01-06,6,1,2022,1,1,January,2022-01
2022-01-07,7,1,2022,1,1,January,2022-01
2022-01-08,8,1,2022,1,1,January,2022-01
2022-01-09,9,1,2022,1,1,January,2022-01
2022-01-10,10,1,2022,2,1,January,2022-01
2022-01-11,11,1,2022,2,1,January,2022-01
2022-01-12,12,1,2022,2,1,January,2022-01
2022-01-13,13,1,2022,2,1,January,2022-01
2022-01-14,14,1,2022,2,1,January,2022-01
2022-01-15,15,1,2022,2,1,January,2022-01
2022-01-16,16,1,2022,2,1,January,2022-01
2022-01-17,17,1,2022,3,1,January,2022-01
2022-01-18,18,1,2022,3,1,January,2022-01
2022-01-19,19,1,2022,3,1,January,2022-01
2022-01-20,20,1,2022,3,1,January,2022-01
2022-01-21,21,1,2022,3,1,January,2022-01
2022-01-22,22,1,2022,3,1,January,2022-01
2022-01-23,23,1,2022,3,1,January,2022-01
2022-01-24,24,1,2022,4,1,January,2022-01
2022-01-25,25,1,2022,4,1,January,2022-01
2022-01-26,26,1,2022,4,1,January,2022-01
2022-01-27,27,1,2022,4,1,January,2022-01
2022-01-28,28,1,2022,4,1,January,2022-01
2022-01-29,29,1,2022,4,1,January,2022-01
2022-01-30,30,1,2022,4,1,January,2022-01
2022-01-31,31,1,2022,5,1,January,2022-01
2022-02-01,1,2,2022,5,1,February,2022-02
2022-02-02,2,2,2022,5,1,February,2022-02
2022-02-03,3,2,2022,5,1,February,2022-02
2022-02-04,4,2,2022,5,1,February,2022-02
2022-02-05,5,2,2022,5,1,February,2022-02
2022-02-06,6,2,2022,5,1,February,2022-02
2022-02-07,7,2,2022,6,1,February,2022-02
2022-02-08,8,2,2022,6,1,February,2022-02
2022-02-09,9,2,2022,6,1,February,2022-02
2022-02-10,10,2,2022,6,1,February,2022-02
2022-02-11,11,2,2022,6,1,February,2022-02
2022-02-12,12,2,2022,6,1,February,2022-02
2022-02-13,13,2,2022,6,1,February,2022-02
2022-02-14,14,2,2022,7,1,February,2022-02
2022-02-15,15,2,2022,7,1,February,2022-02
2022-02-16,16,2,2022,7,1,February,2022-02
2022-02-17,17,2,2022,7,1,February,2022-02
2022-02-18,18,2,2022,7,1,February,2022-02
2022-02-19,19,2,2022,7,1,February,2022-02
2022-02-20,20,2,2022,7,1,February,2022-02
2022-02-21,21,2,2022,8,1,February,2022-02
2022-02-22,22,2,2022,8,1,February,2022-02
2022-02-23,23,2,2022,8,1,February,2022-02
2022-02-24,24,2,2022,8,1,February,2022-02
2022-02-25,25,2,2022,8,1,February,2022-02
2022-02-26,26,2,2022,8,1,February,2022-02
2022-02-27,27,2,2022,8,1,February,2022-02
2022-02-28,28,2,2022,9,1,February,2022-02
2022-03-01,1,3,2022,9,1,March,2022-03
2022-03-02,2,3,2022,9,1,March,2022-03
2022-03-03,3,3,2022,9,1,March,2022-03
2022-03-04,4,3,2022,9,1,March,2022-03
2022-03-05,5,3,2022,9,1,March,2022-03
2022-03-06,6,3,2022,9,1,March,2022-03
2022-03-07,7,3,2022,10,1,March,2022-03
2022-03-08,8,3,2022,10,1,March,2022-03
2022-03-09,9,3,2022,10,1,March,2022-03
2022-03-10,10,3,2022,10,1,March,2022-03
2022-03-11,11,3,2022,10,1,March,2022-03
2022-03-12,12,3,2022,10,1,March,2022-03
2022-03-13,13,3,2022,10,1,March,2022-03
2022-03-14,14,3,2022,11,1,March,2022-03
2022-03-15,15,3,2022,11,1,March,2022-03
2022-03-16,16,3,2022,11,1,March,2022-03
2022-03-17,17,3,2022,11,1,March,2022-03
2022-03-18,18,3,2022,11,1,March,2022-03
2022-03-19,19,3,2022,11,1,March,2022-03
2022-03-20,20,3,2022,11,1,March,2022-03
2022-03-21,21,3,2022,12,1,March,2022-03
2022-03-22,22,3,2022,12,1,March,2022-03
2022-03-23,23,3,2022,12,1,March,2022-03
2022-03-24,24,3,2022,12,1,March,2022-03
2022-03-25,25,3,2022,12,1,March,2022-03
2022-03-26,26,3,2022,12,1,March,2022-03
2022-03-27,27,3,2022,12,1,March,2022-03
2022-03-28,28,3,2022,13,1,March,2022-03
2022-03-29,29,3,2022,13,1,March,2022-03
2022-03-30,30,3,2022,13,1,March,2022-03
2022-03-31,31,3,2022,13,1,March,2022-03
2022-04-01,1,4,2022,13,2,April,2022-04
2022-04-02,2,4,2022,13,2,April,2022-04
2022-04-03,3,4,2022,13,2,April,2022-04
2022-04-04,4,4,2022,14,2,April,2022-04
2022-04-05,5,4,2022,14,2,April,2022-04
2022-04-06,6,4,2022,14,2,April,2022-04
2022-04-07,7,4,2022,14,2,April,2022-04
2022-04-08,8,4,2022,14,2,April,2022-04
2022-04-09,9,4,2022,14,2,April,2022-04
2022-04-10,10,4,2022,14,2,April,2022-04
2022-04-11,11,4,2022,15,2,April,2022-04
2022-04-12,12,4,2022,15,2,April,2022-04
2022-04-13,13,4,2022,15,2,April,2022-04
2022-04-14,14,4,2022,15,2,April,2022-04
2022-04-15,15,4,2022,15,2,April,2022-04
2022-04-16,16,4,2022,15,2,April,2022-04
2022-04-17,17,4,2022,15,2,April,2022-04
2022-04-18,18,4,2022,16,2,April,2022-04
2022-04-19,19,4,2022,16,2,April,2022-04
2022-04-20,20,4,2022,16,2,April,2022-04
2022-04-21,21,4,2022,16,2,April,2022-04
2022-04-22,22,4,2022,16,2,April,2022-04
2022-04-23,23,4,2022,16,2,April,2022-04
2022-04-24,24,4,2022,16,2,April,2022-04
2022-04-25,25,4,2022,17,2,April,2022-04
2022-04-26,26,4,2022,17,2,April,2022-04
2022-04-27,27,4,2022,17,2,April,2022-04
2022-04-28,28,4,2022,17,2,April,2022-04
2022-04-29,29,4,2022,17,2,April,2022-04
2022-04-30,30,4,2022,17,2,April,2022-04
2022-05-01,1,5,2022,17,2,May,2022-05
2022-05-02,2,5,2022,18,2,May,2022-05
2022-05-03,3,5,2022,18,2,May,2022-05
2022-05-04,4,5,2022,18,2,May,2022-05
2022-05-05,5,5,2022,18,2,May,2022-05
2022-05-06,6,5,2022,18,2,May,2022-05
2022-05-07,7,5,2022,18,2,May,2022-05
2022-05-08,8,5,2022,18,2,May,2022-05
2022-05-09,9,5,2022,19,2,May,2022-05
2022-05-10,10,5,2022,19,2,May,2022-05
2022-05-11,11,5,2022,19,2,May,2022-05
2022-05-12,12,5,2022,19,2,May,2022-05
2022-05-13,13,5,2022,19,2,May,2022-05
2022-05-14,14,5,2022,19,2,May,2022-05
2022-05-15,15,5,2022,19,2,May,2022-05
2022-05-16,16,5,2022,20,2,May,2022-05
2022-05-17,17,5,2022,20,2,May,2022-05
2022-05-18,18,5,2022,20,2,May,2022-05
2022-05-19,19,5,2022,20,2,May,2022-05
2022-05-20,20,5,2022,20,2,May,2022-05
2022-05-21,21,5,2022,20,2,May,2022-05
2022-05-22,22,5,2022,20,2,May,2022-05
2022-05-23,23,5,2022,21,2,May,2022-05
2022-05-24,24,5,2022,21,2,May,2022-05
2022-05-25,25,5,2022,21,2,May,2022-05
2022-05-26,26,5,2022,21,2,May,2022-05
2022-05-27,27,5,2022,21,2,May,2022-05
2022-05-28,28,5,2022,21,2,May,2022-05
2022-05-29,29,5,2022,21,2,May,2022-05
2022-05-30,30,5,2022,22,2,May,2022-05
2022-05-31,31,5,2022,22,2,May,2022-05
2022-06-01,1,6,2022,22,2,June,2022-06
2022-06-02,2,6,2022,22,2,June,2022-06
2022-06-03,3,6,2022,22,2,June,2022-06
2022-06-04,4,6,2022,22,2,June,2022-06
2022-06-05,5,6,2022,22,2,June,2022-06
2022-06-06,6,6,2022,23,2,June,2022-06
2022-06-07,7,6,2022,23,2,June,2022-06
2022-06-08,8,6,2022,23,2,June,2022-06
2022-06-09,9,6,2022,23,2,June,2022-06
2022-06-10,10,6,2022,23,2,June,2022-06
2022-06-11,11,6,2022,23,2,June,2022-06
2022-06-12,12,6,2022,23,2,June,2022-06
2022-06-13,13,6,2022,24,2,June,2022-06
2022-06-14,14,6,2022,24,2,June,2022-06
2022-06-15,15,6,2022,24,2,June,2022-06
2022-06-16,16,6,2022,24,2,June,2022-06
2022-06-17,17,6,2022,24,2,June,2022-06
2022-06-18,18,6,2022,24,2,June,2022-06
2022-06-19,19,6,2022,24,2,June,2022-06
2022-06-20,20,6,2022,25,2,June,2022-06
2022-06-21,21,6,2022,25,2,June,2022-06
2022-06-22,22,6,2022,25,2,June,2022-06
2022-06-23,23,6,2022,25,2,June,2022-06
2022-06-24,24,6,2022,25,2,June,2022-06
2022-06-25,25,6,2022,25,2,June,2022-06
2022-06-26,26,6,2022,25,2,June,2022-06
2022-06-27,27,6,2022,26,2,June,2022-06
2022-06-28,28,6,2022,26,2,June,2022-06
2022-06-29,29,6,2022,26,2,June,2022-06
2022-06-30,30,6,2022,26,2,June,2022-06
2022-07-01,1,7,2022,26,3,July,2022-07
2022-07-02,2,7,2022,26,3,July,2022-07
2022-07-03,3,7,2022,26,3,July,2022-07
2022-07-04,4,7,2022,27,3,July,2022-07
2022-07-05,5,7,2022,27,3,July,2022-07
2022-07-06,6,7,2022,27,3,July,2022-07
2022-07-07,7,7,2022,27,3,July,2022-07
2022-07-08,8,7,2022,27,3,July,2022-07
2022-07-09,9,7,2022,27,3,July,2022-07
2022-07-10,10,7,2022,27,3,July,2022-07
2022-07-11,11,7,2022,28,3,July,2022-07
2022-07-12,12,7,2022,28,3,July,2022-07
2022-07-13,13,7,2022,28,3,July,2022-07
2022-07-14,14,7,2022,28,3,July,2022-07
2022-07-15,15,7,2022,28,3,July,2022-07
2022-07-16,16,7,2022,28,3,July,2022-07
2022-07-17,17,7,2022,28,3,July,2022-07
2022-07-18,18,7,2022,29,3,July,2022-07
2022-07-19,19,7,2022,29,3,July,2022-07
2022-07-20,20,7,2022,29,3,July,2022-07
2022-07-21,21,7,2022,29,3,July,2022-07
2022-07-22,22,7,2022,29,3,July,2022-07
2022-07-23,23,7,2022,29,3,July,2022-07
2022-07-24,24,7,2022,29,3,July,2022-07
2022-07-25,25,7,2022,30,3,July,2022-07
2022-07-26,26,7,2022,30,3,July,2022-07
2022-07-27,27,7,2022,30,3,July,2022-07
2022-07-28,28,7,2022,30,3,July,2022-07
2022-07-29,29,7,2022,30,3,July,2022-07
2022-07-30,30,7,2022,30,3,July,2022-07
2022-07-31,31,7,2022,30,3,July,2022-07
2022-08-01,1,8,2022,31,3,August,2022-08
2022-08-02,2,8,2022,31,3,August,2022-08
2022-08-03,3,8,2022,31,3,August,2022-08
2022-08-04,4,8,2022,31,3,August,2022-08
2022-08-05,5,8,2022,31,3,August,2022-08
2022-08-06,6,8,2022,31,3,August,2022-08
2022-08-07,7,8,2022,31,3,August,2022-08
2022-08-08,8,8,2022,32,3,August,2022-08
2022-08-09,9,8,2022,32,3,August,2022-08
2022-08-10,10,8,2022,32,3,August,2022-08
2022-08-11,11,8,2022,32,3,August,2022-08
2022-08-12,12,8,2022,32,3,August,2022-08
2022-08-13,13,8,2022,32,3,August,2022-08
2022-08-14,14,8,2022,32,3,August,2022-08
2022-08-15,15,8,2022,33,3,August,2022-08
2022-08-16,16,8,2022,33,3,August,2022-08
2022-08-17,17,8,2022,33,3,August,2022-08
2022-08-18,18,8,2022,33,3,August,2022-08
2022-08-19,19,8,2022,33,3,August,2022-08
2022-08-20,20,8,2022,33,3,August,2022-08
2022-08-21,21,8,2022,33,3,August,2022-08
2022-08-22,22,8,2022,34,3,August,2022-08
2022-08-23,23,8,2022,34,3,August,2022-08
2022-08-24,24,8,2022,34,3,August,2022-08
2022-08-25,25,8,2022,34,3,August,2022-08
2022-08-26,26,8,2022,34,3,August,2022-08
2022-08-27,27,8,2022,34,3,August,2022-08
2022-08-28,28,8,2022,34,3,August,2022-08
2022-08-29,29,8,2022,35,3,August,2022-08
2022-08-30,30,8,2022,35,3,August,2022-08
2022-08-31,31,8,2022,35,3,August,2022-08
2022-09-01,1,9,2022,35,3,September,2022-09
2022-09-02,2,9,2022,35,3,September,2022-09
2022-09-03,3,9,2022,35,3,September,2022-09
2022-09-04,4,9,2022,35,3,September,2022-09
2022-09-05,5,9,2022,36,3,September,2022-09
2022-09-06,6,9,2022,36,3,September,2022-09
2022-09-07,7,9,2022,36,3,September,2022-09
2022-09-08,8,9,2022,36,3,September,2022-09
2022-09-09,9,9,2022,36,3,September,2022-09
2022-09-10,10,9,2022,36,3,September,2022-09
2022-09-11,11,9,2022,36,3,September,2022-09
2022-09-12,12,9,2022,37,3,September,2022-09
2022-09-13,13,9,2022,37,3,September,2022-09
2022-09-14,14,9,2022,37,3,September,2022-09
2022-09-15,15,9,2022,37,3,September,2022-09
2022-09-16,16,9,2022,37,3,September,2022-09
2022-09-17,17,9,2022,37,3,September,2022-09
2022-09-18,18,9,2022,37,3,September,2022-09
2022-09-19,19,9,2022,38,3,September,2022-09
2022-09-20,20,9,2022,38,3,September,2022-09
2022-09-21,21,9,2022,38,3,September,2022-09
2022-09-22,22,9,2022,38,3,September,2022-09
2022-09-23,23,9,2022,38,3,September,2022-09
2022-09-24,24,9,2022,38,3,September,2022-09
2022-09-25,25,9,2022,38,3,September,2022-09
2022-09-26,26,9,2022,39,3,September,2022-09
2022-09-27,27,9,2022,39,3,September,2022-09
2022-09-28,28,9,2022,39,3,September,2022-09
2022-09-29,29,9,2022,39,3,September,2022-09
2022-09-30,30,9,2022,39,3,September,2022-09
2022-10-01,1,10,2022,39,4,October,2022-10
2022-10-02,2,10,2022,39,4,October,2022-10
2022-10-03,3,10,2022,40,4,October,2022-10
2022-10-04,4,10,2022,40,4,October,2022-10
2022-10-05,5,10,2022,40,4,October,2022-10
2022-10-06,6,10,2022,40,4,October,2022-10
2022-10-07,7,10,2022,40,4,October,2022-10
2022-10-08,8,10,2022,40,4,October,2022-10
2022-10-09,9,10,2022,40,4,October,2022-10
2022-10-10,10,10,2022,41,4,October,2022-10
2022-10-11,11,10,2022,41,4,October,2022-10
2022-10-12,12,10,2022,41,4,October,2022-10
2022-10-13,13,10,2022,41,4,October,2022-10
2022-10-14,14,10,2022,41,4,October,2022-10
2022-10-15,15,10,2022,41,4,October,2022-10
2022-10-16,16,10,2022,41,4,October,2022-10
2022-10-17,17,10,2022,42,4,October,2022-10
2022-10-18,18,10,2022,42,4,October,2022-10
2022-10-19,19,10,2022,42,4,October,2022-10
2022-10-20,20,10,2022,42,4,October,2022-10
2022-10-21,21,10,2022,42,4,October,2022-10
2022-10-22,22,10,2022,42,4,October,2022-10
2022-10-23,23,10,2022,42,4,October,2022-10
2022-10-24,24,10,2022,43,4,October,2022-10
2022-10-25,25,10,2022,43,4,October,2022-10
2022-10-26,26,10,2022,43,4,October,2022-10
2022-10-27,27,10,2022,43,4,October,2022-10
2022-10-28,28,10,2022,43,4,October,2022-10
2022-10-29,29,10,2022,43,4,October,2022-10
2022-10-30,30,10,2022,43,4,October,2022-10
2022-10-31,31,10,2022,44,4,October,2022-10
2022-11-01,1,11,2022,44,4,November,2022-11
2022-11-02,2,11,2022,44,4,November,2022-11
2022-11-03,3,11,2022,44,4,November,2022-11
2022-11-04,4,11,2022,44,4,November,2022-11
2022-11-05,5,11,2022,44,4,November,2022-11
2022-11-06,6,11,2022,44,4,November,2022-11
2022-11-07,7,11,2022,45,4,November,2022-11
2022-11-08,8,11,2022,45,4,November,2022-11
2022-11-09,9,11,2022,45,4,November,2022-11
2022-11-10,10,11,2022,45,4,November,2022-11
2022-11-11,11,11,2022,45,4,November,2022-11
2022-11-12,12,11,2022,45,4,November,2022-11
2022-11-13,13,11,2022,45,4,November,2022-11
2022-11-14,14,11,2022,46,4,November,2022-11
2022-11-15,15,11,2022,46,4,November,2022-11
2022-11-16,16,11,2022,46,4,November,2022-11
2022-11-17,17,11,2022,46,4,November,2022-11
2022-11-18,18,11,2022,46,4,November,2022-11
2022-11-19,19,11,2022,46,4,November,2022-11
2022-11-20,20,11,2022,46,4,November,2022-11
2022-11-21,21,11,2022,47,4,November,2022-11
2022-11-22,22,11,2022,47,4,November,2022-11
2022-11-23,23,11,2022,47,4,November,2022-11
2022-11-24,24,11,2022,47,4,November,2022-11
2022-11-25,25,11,2022,47,4,November,2022-11
2022-11-26,26,11,2022,47,4,November,2022-11
2022-11-27,27,11,2022,47,4,November,2022-11
2022-11-28,28,11,2022,48,4,November,2022-11
2022-11-29,29,11,2022,48,4,November,2022-11
2022-11-30,30,11,2022,48,4,November,2022-11
2022-12-01,1,12,2022,48,4,December,2022-12
2022-12-02,2,12,2022,48,4,December,2022-12
2022-12-03,3,12,2022,48,4,December,2022-12
2022-12-04,4,12,2022,48,4,December,2022-12
2022-12-05,5,12,2022,49,4,December,2022-12
2022-12-06,6,12,2022,49,4,December,2022-12
2022-12-07,7,12,2022,49,4,December,2022-12
2022-12-08,8,12,2022,49,4,December,2022-12
2022-12-09,9,12,2022,49,4,December,2022-12
2022-12-10,10,12,2022,49,4,December,2022-12
2022-12-11,11,12,2022,49,4,December,2022-12
2022-12-12,12,12,2022,50,4,December,2022-12
2022-12-13,13,12,2022,50,4,December,2022-12
2022-12-14,14,12,2022,50,4,December,2022-12
2022-12-15,15,12,2022,50,4,December,2022-12
2022-12-16,16,12,2022,50,4,December,2022-12
2022-12-17,17,12,2022,50,4,December,2022-12
2022-12-18,18,12,2022,50,4,December,2022-12
2022-12-19,19,12,2022,51,4,December,2022-12
2022-12-20,20,12,2022,51,4,December,2022-12
2022-12-21,21,12,2022,51,4,December,2022-12
2022-12-22,22,12,2022,51,4,December,2022-12
2022-12-23,23,12,2022,51,4,December,2022-12
2022-12-24,24,12,2022,51,4,December,2022-12
2022-12-25,25,12,2022,51,4,December,2022-12
2022-12-26,26,12,2022,52,4,December,2022-12
2022-12-27,27,12,2022,52,4,December,2022-12
2022-12-28,28,12,2022,52,4,December,2022-12
2022-12-29,29,12,2022,52,4,December,2022-12
2022-12-30,30,12,2022,52,4,December,2022-12
2022-12-31,31,12,2022,52,4,December,2022-12
2023-01-01,1,1,2023,52,1,January,2023-01
2023-01-02,2,1,2023,1,1,January,2023-01
2023-01-03,3,1,2023,1,1,January,2023-01
2023-01-04,4,1,2023,1,1,January,2023-01
2023-01-05,5,1,2023,1,1,January,2023-01
2023-01-06,6,1,2023,1,1,January,2023-01
2023-01-07,7,1,2023,1,1,January,2023-01
2023-01-08,8,1,2023,1,1,January,2023-01
2023-01-09,9,1,2023,2,1,January,2023-01
2023-01-10,10,1,2023,2,1,January,2023-01
2023-01-11,11,1,2023,2,1,January,2023-01
2023-01-12,12,1,2023,2,1,January,2023-01
2023-01-13,13,1,2023,2,1,January,2023-01
2023-01-14,14,1,2023,2,1,January,2023-01
2023-01-15,15,1,2023,2,1,January,2023-01
2023-01-16,16,1,2023,3,1,January,2023-01
2023-01-17,17,1,2023,3,1,January,2023-01
2023-01-18,18,1,2023,3,1,January,2023-01
2023-01-19,19,1,2023,3,1,January,2023-01
2023-01-20,20,1,2023,3,1,January,2023-01
2023-01-21,21,1,2023,3,1,January,2023-01
2023-01-22,22,1,2023,3,1,January,2023-01
2023-01-23,23,1,2023,4,1,January,2023-01
2023-01-24,24,1,2023,4,1,January,2023-01
2023-01-25,25,1,2023,4,1,January,2023-01
2023-01-26,26,1,2023,4,1,January,2023-01
2023-01-27,27,1,2023,4,1,January,2023-01
2023-01-28,28,1,2023,4,1,January,2023-01
2023-01-29,29,1,2023,4,1,January,2023-01
2023-01-30,30,1,2023,5,1,January,2023-01
2023-01-31,31,1,2023,5,1,January,2023-01
2023-02-01,1,2,2023,5,1,February,2023-02
2023-02-02,2,2,2023,5,1,February,2023-02
2023-02-03,3,2,2023,5,1,February,2023-02
2023-02-04,4,2,2023,5,1,February,2023-02
2023-02-05,5,2,2023,5,1,February,2023-02
2023-02-06,6,2,2023,6,1,February,2023-02
2023-02-07,7,2,2023,6,1,February,2023-02
2023-02-08,8,2,2023,6,1,February,2023-02
2023-02-09,9,2,2023,6,1,February,2023-02
2023-02-10,10,2,2023,6,1,February,2023-02
2023-02-11,11,2,2023,6,1,February,2023-02
2023-02-12,12,2,2023,6,1,February,2023-02
2023-02-13,13,2,2023,7,1,February,2023-02
2023-02-14,14,2,2023,7,1,February,2023-02
2023-02-15,15,2,2023,7,1,February,2023-02
2023-02-16,16,2,2023,7,1,February,2023-02
2023-02-17,17,2,2023,7,1,February,2023-02
2023-02-18,18,2,2023,7,1,February,2023-02
2023-02-19,19,2,2023,7,1,February,2023-02
2023-02-20,20,2,2023,8,1,February,2023-02
2023-02-21,21,2,2023,8,1,February,2023-02
2023-02-22,22,2,2023,8,1,February,2023-02
2023-02-23,23,2,2023,8,1,February,2023-02
2023-02-24,24,2,2023,8,1,February,2023-02
2023-02-25,25,2,2023,8,1,February,2023-02
2023-02-26,26,2,2023,8,1,February,2023-02
2023-02-27,27,2,2023,9,1,February,2023-02
2023-02-28,28,2,2023,9,1,February,2023-02
2023-03-01,1,3,2023,9,1,March,2023-03
2023-03-02,2,3,2023,9,1,March,2023-03
2023-03-03,3,3,2023,9,1,March,2023-03
2023-03-04,4,3,2023,9,1,March,2023-03
2023-03-05,5,3,2023,9,1,March,2023-03
2023-03-06,6,3,2023,10,1,March,2023-03
2023-03-07,7,3,2023,10,1,March,2023-03
2023-03-08,8,3,2023,10,1,March,2023-03
2023-03-09,9,3,2023,10,1,March,2023-03
2023-03-10,10,3,2023,10,1,March,2023-03
2023-03-11,11,3,2023,10,1,March,2023-03
2023-03-12,12,3,2023,10,1,March,2023-03
2023-03-13,13,3,2023,11,1,March,2023-03
2023-03-14,14,3,2023,11,1,March,2023-03
2023-03-15,15,3,2023,11,1,March,2023-03
2023-03-16,16,3,2023,11,1,March,2023-03
2023-03-17,17,3,2023,11,1,March,2023-03
2023-03-18,18,3,2023,11,1,March,2023-03
2023-03-19,19,3,2023,11,1,March,2023-03
2023-03-20,20,3,2023,12,1,March,2023-03
2023-03-21,21,3,2023,12,1,March,2023-03
2023-03-22,22,3,2023,12,1,March,2023-03
2023-03-23,23,3,2023,12,1,March,2023-03
2023-03-24,24,3,2023,12,1,March,2023-03
2023-03-25,25,3,2023,12,1,March,2023-03
2023-03-26,26,3,2023,12,1,March,2023-03
2023-03-27,27,3,2023,13,1,March,2023-03
2023-03-28,28,3,2023,13,1,March,2023-03
2023-03-29,29,3,2023,13,1,March,2023-03
2023-03-30,30,3,2023,13,1,March,2023-03
2023-03-31,31,3,2023,13,1,March,2023-03
2023-04-01,1,4,2023,13,2,April,2023-04
2023-04-02,2,4,2023,13,2,April,2023-04
2023-04-03,3,4,2023,14,2,April,2023-04
2023-04-04,4,4,2023,14,2,April,2023-04
2023-04-05,5,4,2023,14,2,April,2023-04
2023-04-06,6,4,2023,14,2,April,2023-04
2023-04-07,7,4,2023,14,2,April,2023-04
2023-04-08,8,4,2023,14,2,April,2023-04
2023-04-09,9,4,2023,14,2,April,2023-04
2023-04-10,10,4,2023,15,2,April,2023-04
2023-04-11,11,4,2023,15,2,April,2023-04
2023-04-12,12,4,2023,15,2,April,2023-04
2023-04-13,13,4,2023,15,2,April,2023-04
2023-04-14,14,4,2023,15,2,April,2023-04
2023-04-15,15,4,2023,15,2,April,2023-04
2023-04-16,16,4,2023,15,2,April,2023-04
2023-04-17,17,4,2023,16,2,April,2023-04
2023-04-18,18,4,2023,16,2,April,2023-04
2023-04-19,19,4,2023,16,2,April,2023-04
2023-04-20,20,4,2023,16,2,April,2023-04
2023-04-21,21,4,2023,16,2,April,2023-04
2023-04-22,22,4,2023,16,2,April,2023-04
2023-04-23,23,4,2023,16,2,April,2023-04
2023-04-24,24,4,2023,17,2,April,2023-04
2023-04-25,25,4,2023,17,2,April,2023-04
2023-04-26,26,4,2023,17,2,April,2023-04
2023-04-27,27,4,2023,17,2,April,2023-04
2023-04-28,28,4,2023,17,2,April,2023-04
2023-04-29,29,4,2023,17,2,April,2023-04
2023-04-30,30,4,2023,17,2,April,2023-04
2023-05-01,1,5,2023,18,2,May,2023-05
2023-05-02,2,5,2023,18,2,May,2023-05
2023-05-03,3,5,2023,18,2,May,2023-05
2023-05-04,4,5,2023,18,2,May,2023-05
2023-05-05,5,5,2023,18,2,May,2023-05
2023-05-06,6,5,2023,18,2,May,2023-05
2023-05-07,7,5,2023,18,2,May,2023-05
2023-05-08,8,5,2023,19,2,May,2023-05
2023-05-09,9,5,2023,19,2,May,2023-05
2023-05-10,10,5,2023,19,2,May,2023-05
2023-05-11,11,5,2023,19,2,May,2023-05
2023-05-12,12,5,2023,19,2,May,2023-05
2023-05-13,13,5,2023,19,2,May,2023-05
2023-05-14,14,5,2023,19,2,May,2023-05
2023-05-15,15,5,2023,20,2,May,2023-05
2023-05-16,16,5,2023,20,2,May,2023-05
2023-05-17,17,5,2023,20,2,May,2023-05
2023-05-18,18,5,2023,20,2,May,2023-05
2023-05-19,19,5,2023,20,2,May,2023-05
2023-05-20,20,5,2023,20,2,May,2023-05
2023-05-21,21,5,2023,20,2,May,2023-05
2023-05-22,22,5,2023,21,2,May,2023-05
2023-05-23,23,5,2023,21,2,May,2023-05
2023-05-24,24,5,2023,21,2,May,2023-05
2023-05-25,25,5,2023,21,2,May,2023-05
2023-05-26,26,5,2023,21,2,May,2023-05
2023-05-27,27,5,2023,21,2,May,2023-05
2023-05-28,28,5,2023,21,2,May,2023-05
2023-05-29,29,5,2023,22,2,May,2023-05
2023-05-30,30,5,2023,22,2,May,2023-05
2023-05-31,31,5,2023,22,2,May,2023-05
2023-06-01,1,6,2023,22,2,June,2023-06
2023-06-02,2,6,2023,22,2,June,2023-06
2023-06-03,3,6,2023,22,2,June,2023-06
2023-06-04,4,6,2023,22,2,June,2023-06
2023-06-05,5,6,2023,23,2,June,2023-06
2023-06-06,6,6,2023,23,2,June,2023-06
2023-06-07,7,6,2023,23,2,June,2023-06
2023-06-08,8,6,2023,23,2,June,2023-06
2023-06-09,9,6,2023,23,2,June,2023-06
2023-06-10,10,6,2023,23,2,June,2023-06
2023-06-11,11,6,2023,23,2,June,2023-06
2023-06-12,12,6,2023,24,2,June,2023-06
2023-06-13,13,6,2023,24,2,June,2023-06
2023-06-14,14,6,2023,24,2,June,2023-06
2023-06-15,15,6,2023,24,2,June,2023-06
2023-06-16,16,6,2023,24,2,June,2023-06
2023-06-17,17,6,2023,24,2,June,2023-06
2023-06-18,18,6,2023,24,2,June,2023-06
2023-06-19,19,6,2023,25,2,June,2023-06
2023-06-20,20,6,2023,25,2,June,2023-06
2023-06-21,21,6,2023,25,2,June,2023-06
2023-06-22,22,6,2023,25,2,June,2023-06
2023-06-23,23,6,2023,25,2,June,2023-06
2023-06-24,24,6,2023,25,2,June,2023-06
2023-06-25,25,6,2023,25,2,June,2023-06
2023-06-26,26,6,2023,26,2,June,2023-06
2023-06-27,27,6,2023,26,2,June,2023-06
2023-06-28,28,6,2023,26,2,June,2023-06
2023-06-29,29,6,2023,26,2,June,2023-06
2023-06-30,30,6,2023,26,2,June,2023-06
2023-07-01,1,7,2023,26,3,July,2023-07
2023-07-02,2,7,2023,26,3,July,2023-07
2023-07-03,3,7,2023,27,3,July,2023-07
2023-07-04,4,7,2023,27,3,July,2023-07
2023-07-05,5,7,2023,27,3,July,2023-07
2023-07-06,6,7,2023,27,3,July,2023-07
2023-07-07,7,7,2023,27,3,July,2023-07
2023-07-08,8,7,2023,27,3,July,2023-07
2023-07-09,9,7,2023,27,3,July,2023-07
2023-07-10,10,7,2023,28,3,July,2023-07
2023-07-11,11,7,2023,28,3,July,2023-07
2023-07-12,12,7,2023,28,3,July,2023-07
2023-07-13,13,7,2023,28,3,July,2023-07
2023-07-14,14,7,2023,28,3,July,2023-07
2023-07-15,15,7,2023,28,3,July,2023-07
2023-07-16,16,7,2023,28,3,July,2023-07
2023-07-17,17,7,2023,29,3,July,2023-07
2023-07-18,18,7,2023,29,3,July,2023-07
2023-07-19,19,7,2023,29,3,July,2023-07
2023-07-20,20,7,2023,29,3,July,2023-07
2023-07-21,21,7,2023,29,3,July,2023-07
2023-07-22,22,7,2023,29,3,July,2023-07
2023-07-23,23,7,2023,29,3,July,2023-07
2023-07-24,24,7,2023,30,3,July,2023-07
2023-07-25,25,7,2023,30,3,July,2023-07
2023-07-26,26,7,2023,30,3,July,2023-07
2023-07-27,27,7,2023,30,3,July,2023-07
2023-07-28,28,7,2023,30,3,July,2023-07
2023-07-29,29,7,2023,30,3,July,2023-07
2023-07-30,30,7,2023,30,3,July,2023-07
2023-07-31,31,7,2023,31,3,July,2023-07
2023-08-01,1,8,2023,31,3,August,2023-08
2023-08-02,2,8,2023,31,3,August,2023-08
2023-08-03,3,8,2023,31,3,August,2023-08
2023-08-04,4,8,2023,31,3,August,2023-08
2023-08-05,5,8,2023,31,3,August,2023-08
2023-08-06,6,8,2023,31,3,August,2023-08
2023-08-07,7,8,2023,32,3,August,2023-08
2023-08-08,8,8,2023,32,3,August,2023-08
2023-08-09,9,8,2023,32,3,August,2023-08
2023-08-10,10,8,2023,32,3,August,2023-08
2023-08-11,11,8,2023,32,3,August,2023-08
2023-08-12,12,8,2023,32,3,August,2023-08
2023-08-13,13,8,2023,32,3,August,2023-08
2023-08-14,14,8,2023,33,3,August,2023-08
2023-08-15,15,8,2023,33,3,August,2023-08
2023-08-16,16,8,2023,33,3,August,2023-08
2023-08-17,17,8,2023,33,3,August,2023-08
2023-08-18,18,8,2023,33,3,August,2023-08
2023-08-19,19,8,2023,33,3,August,2023-08
2023-08-20,20,8,2023,33,3,August,2023-08
2023-08-21,21,8,2023,34,3,August,2023-08
2023-08-22,22,8,2023,34,3,August,2023-08
2023-08-23,23,8,2023,34,3,August,2023-08
2023-08-24,24,8,2023,34,3,August,2023-08
2023-08-25,25,8,2023,34,3,August,2023-08
2023-08-26,26,8,2023,34,3,August,2023-08
2023-08-27,27,8,2023,34,3,August,2023-08
2023-08-28,28,8,2023,35,3,August,2023-08
2023-08-29,29,8,2023,35,3,August,2023-08
2023-08-30,30,8,2023,35,3,August,2023-08
2023-08-31,31,8,2023,35,3,August,2023-08
2023-09-01,1,9,2023,35,3,September,2023-09
2023-09-02,2,9,2023,35,3,September,2023-09
2023-09-03,3,9,2023,35,3,September,2023-09
2023-09-04,4,9,2023,36,3,September,2023-09
2023-09-05,5,9,2023,36,3,September,2023-09
2023-09-06,6,9,2023,36,3,September,2023-09
2023-09-07,7,9,2023,36,3,September,2023-09
2023-09-08,8,9,2023,36,3,September,2023-09
2023-09-09,9,9,2023,36,3,September,2023-09
2023-09-10,10,9,2023,36,3,September,2023-09
2023-09-11,11,9,2023,37,3,September,2023-09
2023-09-12,12,9,2023,37,3,September,2023-09
2023-09-13,13,9,2023,37,3,September,2023-09
2023-09-14,14,9,2023,37,3,September,2023-09
2023-09-15,15,9,2023,37,3,September,2023-09
2023-09-16,16,9,2023,37,3,September,2023-09
2023-09-17,17,9,2023,37,3,September,2023-09
2023-09-18,18,9,2023,38,3,September,2023-09
2023-09-19,19,9,2023,38,3,September,2023-09
2023-09-20,20,9,2023,38,3,September,2023-09
2023-09-21,21,9,2023,38,3,September,2023-09
2023-09-22,22,9,2023,38,3,September,2023-09
2023-09-23,23,9,2023,38,3,September,2023-09
2023-09-24,24,9,2023,38,3,September,2023-09
2023-09-25,25,9,2023,39,3,September,2023-09
2023-09-26,26,9,2023,39,3,September,2023-09
2023-09-27,27,9,2023,39,3,September,2023-09
2023-09-28,28,9,2023,39,3,September,2023-09
2023-09-29,29,9,2023,39,3,September,2023-09
2023-09-30,30,9,2023,39,3,September,2023-09
2023-10-01,1,10,2023,39,4,October,2023-10
2023-10-02,2,10,2023,40,4,October,2023-10
2023-10-03,3,10,2023,40,4,October,2023-10
2023-10-04,4,10,2023,40,4,October,2023-10
2023-10-05,5,10,2023,40,4,October,2023-10
2023-10-06,6,10,2023,40,4,October,2023-10
2023-10-07,7,10,2023,40,4,October,2023-10
2023-10-08,8,10,2023,40,4,October,2023-10
2023-10-09,9,10,2023,41,4,October,2023-10
2023-10-10,10,10,2023,41,4,October,2023-10
2023-10-11,11,10,2023,41,4,October,2023-10
2023-10-12,12,10,2023,41,4,October,2023-10
2023-10-13,13,10,2023,41,4,October,2023-10
2023-10-14,14,10,2023,41,4,October,2023-10
2023-10-15,15,10,2023,41,4,October,2023-10
2023-10-16,16,10,2023,42,4,October,2023-10
2023-10-17,17,10,2023,42,4,October,2023-10
2023-10-18,18,10,2023,42,4,October,2023-10
2023-10-19,19,10,2023,42,4,October,2023-10
2023-10-20,20,10,2023,42,4,October,2023-10
2023-10-21,21,10,2023,42,4,October,2023-10
2023-10-22,22,10,2023,42,4,October,2023-10
2023-10-23,23,10,2023,43,4,October,2023-10
2023-10-24,24,10,2023,43,4,October,2023-10
2023-10-25,25,10,2023,43,4,October,2023-10
2023-10-26,26,10,2023,43,4,October,2023-10
2023-10-27,27,10,2023,43,4,October,2023-10
2023-10-28,28,10,2023,43,4,October,2023-10
2023-10-29,29,10,2023,43,4,October,2023-10
2023-10-30,30,10,2023,44,4,October,2023-10
2023-10-31,31,10,2023,44,4,October,2023-10
2023-11-01,1,11,2023,44,4,November,2023-11
2023-11-02,2,11,2023,44,4,November,2023-11
2023-11-03,3,11,2023,44,4,November,2023-11
2023-11-04,4,11,2023,44,4,November,2023-11
2023-11-05,5,11,2023,44,4,November,2023-11
2023-11-06,6,11,2023,45,4,November,2023-11
2023-11-07,7,11,2023,45,4,November,2023-11
2023-11-08,8,11,2023,45,4,November,2023-11
2023-11-09,9,11,2023,45,4,November,2023-11
2023-11-10,10,11,2023,45,4,November,2023-11
2023-11-11,11,11,2023,45,4,November,2023-11
2023-11-12,12,11,2023,45,4,November,2023-11
2023-11-13,13,11,2023,46,4,November,2023-11
2023-11-14,14,11,2023,46,4,November,2023-11
2023-11-15,15,11,2023,46,4,November,2023-11
2023-11-16,16,11,2023,46,4,November,2023-11
2023-11-17,17,11,2023,46,4,November,2023-11
2023-11-18,18,11,2023,46,4,November,2023-11
2023-11-19,19,11,2023,46,4,November,2023-11
2023-11-20,20,11,2023,47,4,November,2023-11
2023-11-21,21,11,2023,47,4,November,2023-11
2023-11-22,22,11,2023,47,4,November,2023-11
2023-11-23,23,11,2023,47,4,November,2023-11
2023-11-24,24,11,2023,47,4,November,2023-11
2023-11-25,25,11,2023,47,4,November,2023-11
2023-11-26,26,11,2023,47,4,November,2023-11
2023-11-27,27,11,2023,48,4,November,2023-11
2023-11-28,28,11,2023,48,4,November,2023-11
2023-11-29,29,11,2023,48,4,November,2023-11
2023-11-30,30,11,2023,48,4,November,2023-11
2023-12-01,1,12,2023,48,4,December,2023-12
2023-12-02,2,12,2023,48,4,December,2023-12
2023-12-03,3,12,2023,48,4,December,2023-12
2023-12-04,4,12,2023,49,4,December,2023-12
2023-12-05,5,12,2023,49,4,December,2023-12
2023-12-06,6,12,2023,49,4,December,2023-12
2023-12-07,7,12,2023,49,4,December,2023-12
2023-12-08,8,12,2023,49,4,December,2023-12
2023-12-09,9,12,2023,49,4,December,2023-12
2023-12-10,10,12,2023,49,4,December,2023-12
2023-12-11,11,12,2023,50,4,December,2023-12
2023-12-12,12,12,2023,50,4,December,2023-12
2023-12-13,13,12,2023,50,4,December,2023-12
2023-12-14,14,12,2023,50,4,December,2023-12
2023-12-15,15,12,2023,50,4,December,2023-12
2023-12-16,16,12,2023,50,4,December,2023-12
2023-12-17,17,12,2023,50,4,December,2023-12
2023-12-18,18,12,2023,51,4,December,2023-12
2023-12-19,19,12,2023,51,4,December,2023-12
2023-12-20,20,12,2023,51,4,December,2023-12
2023-12-21,21,12,2023,51,4,December,2023-12
2023-12-22,22,12,2023,51,4,December,2023-12
2023-12-23,23,12,2023,51,4,December,2023-12
2023-12-24,24,12,2023,51,4,December,2023-12
2023-12-25,25,12,2023,52,4,December,2023-12
2023-12-26,26,12,2023,52,4,December,2023-12
2023-12-27,27,12,2023,52,4,December,2023-12
2023-12-28,28,12,2023,52,4,December,2023-12
2023-12-29,29,12,2023,52,4,December,2023-12
2023-12-30,30,12,2023,52,4,December,2023-12
2023-12-31,31,12,2023,52,4,December,2023-12
2024-01-01,1,1,2024,1,1,January,2024-01
2024-01-02,2,1,2024,1,1,January,2024-01
2024-01-03,3,1,2024,1,1,January,2024-01
2024-01-04,4,1,2024,1,1,January,2024-01
2024-01-05,5,1,2024,1,1,January,2024-01
2024-01-06,6,1,2024,1,1,January,2024-01
2024-01-07,7,1,2024,1,1,January,2024-01
2024-01-08,8,1,2024,2,1,January,2024-01
2024-01-09,9,1,2024,2,1,January,2024-01
2024-01-10,10,1,2024,2,1,January,2024-01
2024-01-11,11,1,2024,2,1,January,2024-01
2024-01-12,12,1,2024,2,1,January,2024-01
2024-01-13,13,1,2024,2,1,January,2024-01
2024-01-14,14,1,2024,2,1,January,2024-01
2024-01-15,15,1,2024,3,1,January,2024-01
2024-01-16,16,1,2024,3,1,January,2024-01
2024-01-17,17,1,2024,3,1,January,2024-01
2024-01-18,18,1,2024,3,1,January,2024-01
2024-01-19,19,1,2024,3,1,January,2024-01
2024-01-20,20,1,2024,3,1,January,2024-01
2024-01-21,21,1,2024,3,1,January,2024-01
2024-01-22,22,1,2024,4,1,January,2024-01
2024-01-23,23,1,2024,4,1,January,2024-01
2024-01-24,24,1,2024,4,1,January,2024-01
2024-01-25,25,1,2024,4,1,January,2024-01
2024-01-26,26,1,2024,4,1,January,2024-01
2024-01-27,27,1,2024,4,1,January,2024-01
2024-01-28,28,1,2024,4,1,January,2024-01
2024-01-29,29,1,2024,5,1,January,2024-01
2024-01-30,30,1,2024,5,1,January,2024-01
2024-01-31,31,1,2024,5,1,January,2024-01
2024-02-01,1,2,2024,5,1,February,2024-02
2024-02-02,2,2,2024,5,1,February,2024-02
2024-02-03,3,2,2024,5,1,February,2024-02
2024-02-04,4,2,2024,5,1,February,2024-02
2024-02-05,5,2,2024,6,1,February,2024-02
2024-02-06,6,2,2024,6,1,February,2024-02
2024-02-07,7,2,2024,6,1,February,2024-02
2024-02-08,8,2,2024,6,1,February,2024-02
2024-02-09,9,2,2024,6,1,February,2024-02
2024-02-10,10,2,2024,6,1,February,2024-02
2024-02-11,11,2,2024,6,1,February,2024-02
2024-02-12,12,2,2024,7,1,February,2024-02
2024-02-13,13,2,2024,7,1,February,2024-02
2024-02-14,14,2,2024,7,1,February,2024-02
2024-02-15,15,2,2024,7,1,February,2024-02
2024-02-16,16,2,2024,7,1,February,2024-02
2024-02-17,17,2,2024,7,1,February,2024-02
2024-02-18,18,2,2024,7,1,February,2024-02
2024-02-19,19,2,2024,8,1,February,2024-02
2024-02-20,20,2,2024,8,1,February,2024-02
2024-02-21,21,2,2024,8,1,February,2024-02
2024-02-22,22,2,2024,8,1,February,2024-02
2024-02-23,23,2,2024,8,1,February,2024-02
2024-02-24,24,2,2024,8,1,February,2024-02
2024-02-25,25,2,2024,8,1,February,2024-02
2024-02-26,26,2,2024,9,1,February,2024-02
2024-02-27,27,2,2024,9,1,February,2024-02
2024-02-28,28,2,2024,9,1,February,2024-02
2024-02-29,29,2,2024,9,1,February,2024-02
2024-03-01,1,3,2024,9,1,March,2024-03
2024-03-02,2,3,2024,9,1,March,2024-03
2024-03-03,3,3,2024,9,1,March,2024-03
2024-03-04,4,3,2024,10,1,March,2024-03
2024-03-05,5,3,2024,10,1,March,2024-03
2024-03-06,6,3,2024,10,1,March,2024-03
2024-03-07,7,3,2024,10,1,March,2024-03
2024-03-08,8,3,2024,10,1,March,2024-03
2024-03-09,9,3,2024,10,1,March,2024-03
2024-03-10,10,3,2024,10,1,March,2024-03
2024-03-11,11,3,2024,11,1,March,2024-03
2024-03-12,12,3,2024,11,1,March,2024-03
2024-03-13,13,3,2024,11,1,March,2024-03
2024-03-14,14,3,2024,11,1,March,2024-03
2024-03-15,15,3,2024,11,1,March,2024-03
2024-03-16,16,3,2024,11,1,March,2024-03
2024-03-17,17,3,2024,11,1,March,2024-03
2024-03-18,18,3,2024,12,1,March,2024-03
2024-03-19,19,3,2024,12,1,March,2024-03
2024-03-20,20,3,2024,12,1,March,2024-03
2024-03-21,21,3,2024,12,1,March,2024-03
2024-03-22,22,3,2024,12,1,March,2024-03
2024-03-23,23,3,2024,12,1,March,2024-03
2024-03-24,24,3,2024,12,1,March,2024-03
2024-03-25,25,3,2024,13,1,March,2024-03
2024-03-26,26,3,2024,13,1,March,2024-03
2024-03-27,27,3,2024,13,1,March,2024-03
2024-03-28,28,3,2024,13,1,March,2024-03
2024-03-29,29,3,2024,13,1,March,2024-03
2024-03-30,30,3,2024,13,1,March,2024-03
2024-03-31,31,3,2024,13,1,March,2024-03
2024-04-01,1,4,2024,14,2,April,2024-04
2024-04-02,2,4,2024,14,2,April,2024-04
2024-04-03,3,4,2024,14,2,April,2024-04
2024-04-04,4,4,2024,14,2,April,2024-04
2024-04-05,5,4,2024,14,2,April,2024-04
2024-04-06,6,4,2024,14,2,April,2024-04
2024-04-07,7,4,2024,14,2,April,2024-04
2024-04-08,8,4,2024,15,2,April,2024-04
2024-04-09,9,4,2024,15,2,April,2024-04
2024-04-10,10,4,2024,15,2,April,2024-04
2024-04-11,11,4,2024,15,2,April,2024-04
2024-04-12,12,4,2024,15,2,April,2024-04
2024-04-13,13,4,2024,15,2,April,2024-04
2024-04-14,14,4,2024,15,2,April,2024-04
2024-04-15,15,4,2024,16,2,April,2024-04
2024-04-16,16,4,2024,16,2,April,2024-04
2024-04-17,17,4,2024,16,2,April,2024-04
2024-04-18,18,4,2024,16,2,April,2024-04
2024-04-19,19,4,2024,16,2,April,2024-04
2024-04-20,20,4,2024,16,2,April,2024-04
2024-04-21,21,4,2024,16,2,April,2024-04
2024-04-22,22,4,2024,17,2,April,2024-04
2024-04-23,23,4,2024,17,2,April,2024-04
2024-04-24,24,4,2024,17,2,April,2024-04
2024-04-25,25,4,2024,17,2,April,2024-04
2024-04-26,26,4,2024,17,2,April,2024-04
2024-04-27,27,4,2024,17,2,April,2024-04
2024-04-28,28,4,2024,17,2,April,2024-04
2024-04-29,29,4,2024,18,2,April,2024-04
2024-04-30,30,4,2024,18,2,April,2024-04
2024-05-01,1,5,2024,18,2,May,2024-05
2024-05-02,2,5,2024,18,2,May,2024-05
2024-05-03,3,5,2024,18,2,May,2024-05
2024-05-04,4,5,2024,18,2,May,2024-05
2024-05-05,5,5,2024,18,2,May,2024-05
2024-05-06,6,5,2024,19,2,May,2024-05
2024-05-07,7,5,2024,19,2,May,2024-05
2024-05-08,8,5,2024,19,2,May,2024-05
2024-05-09,9,5,2024,19,2,May,2024-05
2024-05-10,10,5,2024,19,2,May,2024-05
2024-05-11,11,5,2024,19,2,May,2024-05
2024-05-12,12,5,2024,19,2,May,2024-05
2024-05-13,13,5,2024,20,2,May,2024-05
2024-05-14,14,5,2024,20,2,May,2024-05
2024-05-15,15,5,2024,20,2,May,2024-05
2024-05-16,16,5,2024,20,2,May,2024-05
2024-05-17,17,5,2024,20,2,May,2024-05
2024-05-18,18,5,2024,20,2,May,2024-05
2024-05-19,19,5,2024,20,2,May,2024-05
2024-05-20,20,5,2024,21,2,May,2024-05
2024-05-21,21,5,2024,21,2,May,2024-05
2024-05-22,22,5,2024,21,2,May,2024-05
2024-05-23,23,5,2024,21,2,May,2024-05
2024-05-24,24,5,2024,21,2,May,2024-05
2024-05-25,25,5,2024,21,2,May,2024-05
2024-05-26,26,5,2024,21,2,May,2024-05
2024-05-27,27,5,2024,22,2,May,2024-05
2024-05-28,28,5,2024,22,2,May,2024-05
2024-05-29,29,5,2024,22,2,May,2024-05
2024-05-30,30,5,2024,22,2,May,2024-05
2024-05-31,31,5,2024,22,2,May,2024-05
2024-06-01,1,6,2024,22,2,June,2024-06
2024-06-02,2,6,2024,22,2,June,2024-06
2024-06-03,3,6,2024,23,2,June,2024-06
2024-06-04,4,6,2024,23,2,June,2024-06
2024-06-05,5,6,2024,23,2,June,2024-06
2024-06-06,6,6,2024,23,2,June,2024-06
2024-06-07,7,6,2024,23,2,June,2024-06
2024-06-08,8,6,2024,23,2,June,2024-06
2024-06-09,9,6,2024,23,2,June,2024-06
2024-06-10,10,6,2024,24,2,June,2024-06
2024-06-11,11,6,2024,24,2,June,2024-06
2024-06-12,12,6,2024,24,2,June,2024-06
2024-06-13,13,6,2024,24,2,June,2024-06
2024-06-14,14,6,2024,24,2,June,2024-06
2024-06-15,15,6,2024,24,2,June,2024-06
2024-06-16,16,6,2024,24,2,June,2024-06
2024-06-17,17,6,2024,25,2,June,2024-06
2024-06-18,18,6,2024,25,2,June,2024-06
2024-06-19,19,6,2024,25,2,June,2024-06
2024-06-20,20,6,2024,25,2,June,2024-06
2024-06-21,21,6,2024,25,2,June,2024-06
2024-06-22,22,6,2024,25,2,June,2024-06
2024-06-23,23,6,2024,25,2,June,2024-06
2024-06-24,24,6,2024,26,2,June,2024-06
2024-06-25,25,6,2024,26,2,June,2024-06
2024-06-26,26,6,2024,26,2,June,2024-06
2024-06-27,27,6,2024,26,2,June,2024-06
2024-06-28,28,6,2024,26,2,June,2024-06
2024-06-29,29,6,2024,26,2,June,2024-06
2024-06-30,30,6,2024,26,2,June,2024-06
2024-07-01,1,7,2024,27,3,July,2024-07
2024-07-02,2,7,2024,27,3,July,2024-07
2024-07-03,3,7,2024,27,3,July,2024-07
2024-07-04,4,7,2024,27,3,July,2024-07
2024-07-05,5,7,2024,27,3,July,2024-07
2024-07-06,6,7,2024,27,3,July,2024-07
2024-07-07,7,7,2024,27,3,July,2024-07
2024-07-08,8,7,2024,28,3,July,2024-07
2024-07-09,9,7,2024,28,3,July,2024-07
2024-07-10,10,7,2024,28,3,July,2024-07
2024-07-11,11,7,2024,28,3,July,2024-07
2024-07-12,12,7,2024,28,3,July,2024-07
2024-07-13,13,7,2024,28,3,July,2024-07
2024-07-14,14,7,2024,28,3,July,2024-07
2024-07-15,15,7,2024,29,3,July,2024-07
2024-07-16,16,7,2024,29,3,July,2024-07
2024-07-17,17,7,2024,29,3,July,2024-07
2024-07-18,18,7,2024,29,3,July,2024-07
2024-07-19,19,7,2024,29,3,July,2024-07
2024-07-20,20,7,2024,29,3,July,2024-07
2024-07-21,21,7,2024,29,3,July,2024-07
2024-07-22,22,7,2024,30,3,July,2024-07
2024-07-23,23,7,2024,30,3,July,2024-07
2024-07-24,24,7,2024,30,3,July,2024-07
2024-07-25,25,7,2024,30,3,July,2024-07
2024-07-26,26,7,2024,30,3,July,2024-07
2024-07-27,27,7,2024,30,3,July,2024-07
2024-07-28,28,7,2024,30,3,July,2024-07
2024-07-29,29,7,2024,31,3,July,2024-07
2024-07-30,30,7,2024,31,3,July,2024-07
2024-07-31,31,7,2024,31,3,July,2024-07
2024-08-01,1,8,2024,31,3,August,2024-08
2024-08-02,2,8,2024,31,3,August,2024-08
2024-08-03,3,8,2024,31,3,August,2024-08
2024-08-04,4,8,2024,31,3,August,2024-08
2024-08-05,5,8,2024,32,3,August,2024-08
2024-08-06,6,8,2024,32,3,August,2024-08
2024-08-07,7,8,2024,32,3,August,2024-08
2024-08-08,8,8,2024,32,3,August,2024-08
2024-08-09,9,8,2024,32,3,August,2024-08
2024-08-10,10,8,2024,32,3,August,2024-08
2024-08-11,11,8,2024,32,3,August,2024-08
2024-08-12,12,8,2024,33,3,August,2024-08
2024-08-13,13,8,2024,33,3,August,2024-08
2024-08-14,14,8,2024,33,3,August,2024-08
2024-08-15,15,8,2024,33,3,August,2024-08
2024-08-16,16,8,2024,33,3,August,2024-08
2024-08-17,17,8,2024,33,3,August,2024-08
2024-08-18,18,8,2024,33,3,August,2024-08
2024-08-19,19,8,2024,34,3,August,2024-08
2024-08-20,20,8,2024,34,3,August,2024-08
2024-08-21,21,8,2024,34,3,August,2024-08
2024-08-22,22,8,2024,34,3,August,2024-08
2024-08-23,23,8,2024,34,3,August,2024-08
2024-08-24,24,8,2024,34,3,August,2024-08
2024-08-25,25,8,2024,34,3,August,2024-08
2024-08-26,26,8,2024,35,3,August,2024-08
2024-08-27,27,8,2024,35,3,August,2024-08
2024-08-28,28,8,2024,35,3,August,2024-08
2024-08-29,29,8,2024,35,3,August,2024-08
2024-08-30,30,8,2024,35,3,August,2024-08
2024-08-31,31,8,2024,35,3,August,2024-08
2024-09-01,1,9,2024,35,3,September,2024-09
2024-09-02,2,9,2024,36,3,September,2024-09
2024-09-03,3,9,2024,36,3,September,2024-09
2024-09-04,4,9,2024,36,3,September,2024-09
2024-09-05,5,9,2024,36,3,September,2024-09
2024-09-06,6,9,2024,36,3,September,2024-09
2024-09-07,7,9,2024,36,3,September,2024-09
2024-09-08,8,9,2024,36,3,September,2024-09
2024-09-09,9,9,2024,37,3,September,2024-09
2024-09-10,10,9,2024,37,3,September,2024-09
2024-09-11,11,9,2024,37,3,September,2024-09
2024-09-12,12,9,2024,37,3,September,2024-09
2024-09-13,13,9,2024,37,3,September,2024-09
2024-09-14,14,9,2024,37,3,September,2024-09
2024-09-15,15,9,2024,37,3,September,2024-09
2024-09-16,16,9,2024,38,3,September,2024-09
2024-09-17,17,9,2024,38,3,September,2024-09
2024-09-18,18,9,2024,38,3,September,2024-09
2024-09-19,19,9,2024,38,3,September,2024-09
2024-09-20,20,9,2024,38,3,September,2024-09
2024-09-21,21,9,2024,38,3,September,2024-09
2024-09-22,22,9,2024,38,3,September,2024-09
2024-09-23,23,9,2024,39,3,September,2024-09
2024-09-24,24,9,2024,39,3,September,2024-09
2024-09-25,25,9,2024,39,3,September,2024-09
2024-09-26,26,9,2024,39,3,September,2024-09
2024-09-27,27,9,2024,39,3,September,2024-09
2024-09-28,28,9,2024,39,3,September,2024-09
2024-09-29,29,9,2024,39,3,September,2024-09
2024-09-30,30,9,2024,40,3,September,2024-09
2024-10-01,1,10,2024,40,4,October,2024-10
2024-10-02,2,10,2024,40,4,October,2024-10
2024-10-03,3,10,2024,40,4,October,2024-10
2024-10-04,4,10,2024,40,4,October,2024-10
2024-10-05,5,10,2024,40,4,October,2024-10
2024-10-06,6,10,2024,40,4,October,2024-10
2024-10-07,7,10,2024,41,4,October,2024-10
2024-10-08,8,10,2024,41,4,October,2024-10
2024-10-09,9,10,2024,41,4,October,2024-10
2024-10-10,10,10,2024,41,4,October,2024-10
2024-10-11,11,10,2024,41,4,October,2024-10
2024-10-12,12,10,2024,41,4,October,2024-10
2024-10-13,13,10,2024,41,4,October,2024-10
2024-10-14,14,10,2024,42,4,October,2024-10
2024-10-15,15,10,2024,42,4,October,2024-10
2024-10-16,16,10,2024,42,4,October,2024-10
2024-10-17,17,10,2024,42,4,October,2024-10
2024-10-18,18,10,2024,42,4,October,2024-10
2024-10-19,19,10,2024,42,4,October,2024-10
2024-10-20,20,10,2024,42,4,October,2024-10
2024-10-21,21,10,2024,43,4,October,2024-10
2024-10-22,22,10,2024,43,4,October,2024-10
2024-10-23,23,10,2024,43,4,October,2024-10
2024-10-24,24,10,2024,43,4,October,2024-10
2024-10-25,25,10,2024,43,4,October,2024-10
2024-10-26,26,10,2024,43,4,October,2024-10
2024-10-27,27,10,2024,43,4,October,2024-10
2024-10-28,28,10,2024,44,4,October,2024-10
2024-10-29,29,10,2024,44,4,October,2024-10
2024-10-30,30,10,2024,44,4,October,2024-10
2024-10-31,31,10,2024,44,4,October,2024-10
2024-11-01,1,11,2024,44,4,November,2024-11
2024-11-02,2,11,2024,44,4,November,2024-11
2024-11-03,3,11,2024,44,4,November,2024-11
2024-11-04,4,11,2024,45,4,November,2024-11
2024-11-05,5,11,2024,45,4,November,2024-11
2024-11-06,6,11,2024,45,4,November,2024-11
2024-11-07,7,11,2024,45,4,November,2024-11
2024-11-08,8,11,2024,45,4,November,2024-11
2024-11-09,9,11,2024,45,4,November,2024-11
2024-11-10,10,11,2024,45,4,November,2024-11
2024-11-11,11,11,2024,46,4,November,2024-11
2024-11-12,12,11,2024,46,4,November,2024-11
2024-11-13,13,11,2024,46,4,November,2024-11
2024-11-14,14,11,2024,46,4,November,2024-11
2024-11-15,15,11,2024,46,4,November,2024-11
2024-11-16,16,11,2024,46,4,November,2024-11
2024-11-17,17,11,2024,46,4,November,2024-11
2024-11-18,18,11,2024,47,4,November,2024-11
2024-11-19,19,11,2024,47,4,November,2024-11
2024-11-20,20,11,2024,47,4,November,2024-11
2024-11-21,21,11,2024,47,4,November,2024-11
2024-11-22,22,11,2024,47,4,November,2024-11
2024-11-23,23,11,2024,47,4,November,2024-11
2024-11-24,24,11,2024,47,4,November,2024-11
2024-11-25,25,11,2024,48,4,November,2024-11
2024-11-26,26,11,2024,48,4,November,2024-11
2024-11-27,27,11,2024,48,4,November,2024-11
2024-11-28,28,11,2024,48,4,November,2024-11
2024-11-29,29,11,2024,48,4,November,2024-11
2024-11-30,30,11,2024,48,4,November,2024-11
2024-12-01,1,12,2024,48,4,December,2024-12
2024-12-02,2,12,2024,49,4,December,2024-12
2024-12-03,3,12,2024,49,4,December,2024-12
2024-12-04,4,12,2024,49,4,December,2024-12
2024-12-05,5,12,2024,49,4,December,2024-12
2024-12-06,6,12,2024,49,4,December,2024-12
2024-12-07,7,12,2024,49,4,December,2024-12
2024-12-08,8,12,2024,49,4,December,2024-12
2024-12-09,9,12,2024,50,4,December,2024-12
2024-12-10,10,12,2024,50,4,December,2024-12
2024-12-11,11,12,2024,50,4,December,2024-12
2024-12-12,12,12,2024,50,4,December,2024-12
2024-12-13,13,12,2024,50,4,December,2024-12
2024-12-14,14,12,2024,50,4,December,2024-12
2024-12-15,15,12,2024,50,4,December,2024-12
2024-12-16,16,12,2024,51,4,December,2024-12
2024-12-17,17,12,2024,51,4,December,2024-12
2024-12-18,18,12,2024,51,4,December,2024-12
2024-12-19,19,12,2024,51,4,December,2024-12
2024-12-20,20,12,2024,51,4,December,2024-12
2024-12-21,21,12,2024,51,4,December,2024-12
2024-12-22,22,12,2024,51,4,December,2024-12
2024-12-23,23,12,2024,52,4,December,2024-12
2024-12-24,24,12,2024,52,4,December,2024-12
2024-12-25,25,12,2024,52,4,December,2024-12
2024-12-26,26,12,2024,52,4,December,2024-12
2024-12-27,27,12,2024,52,4,December,2024-12
2024-12-28,28,12,2024,52,4,December,2024-12
2024-12-29,29,12,2024,52,4,December,2024-12
2024-12-30,30,12,2024,1,4,December,2024-12
2024-12-31,31,12,2024,1,4,December,2024-12
